{
    "uvs":[[0.00756634,0.00294541,0.00756634,0.997054,0.992434,0.997054,0.992434,0.00294541,0,0,0,1,1,0,1,1]],
    "materials":[{
        "specularCoef":50,
        "wireframe":false,
        "DbgName":"Plaster White",
        "colorDiffuse":[0.539067,0.539067,0.539067],
        "blending":1,
        "DbgIndex":0,
        "visible":true,
        "depthTest":true,
        "transparent":false,
        "DbgColor":15658734,
        "doubleSided":false,
        "colorEmissive":[0,0,0],
        "shading":"phong",
        "colorSpecular":[0.5,0.5,0.5],
        "depthWrite":true,
        "opacity":1
    }],
    "normals":[0,-4.37193e-08,-1,-0.379649,-4.02752e-08,-0.925131,0,-0.466293,-0.884631,0,0.466293,-0.88463,0.379649,-4.02752e-08,-0.925131],
    "metadata":{
        "generator":"io_three",
        "vertices":8,
        "faces":5,
        "version":3,
        "materials":1,
        "normals":5,
        "uvs":1,
        "type":"Geometry"
    },
    "vertices":[-0.6,-5.51961e-09,-0.126274,-0.6,2.4,-0.126274,0.6,-5.51961e-09,-0.126274,0.6,2.4,-0.126274,-0.59092,2.39293,-0.13,-0.59092,0.00706887,-0.13,0.59092,0.00706887,-0.13,0.59092,2.39293,-0.13],
    "faces":[43,5,4,7,6,0,0,1,2,3,0,0,0,0,43,0,1,4,5,0,4,5,1,0,1,1,1,1,43,2,0,5,6,0,6,4,0,3,2,2,2,2,43,7,4,1,3,0,2,1,5,7,3,3,3,3,43,6,7,3,2,0,3,2,7,6,4,4,4,4]
}