{
    "materials":[{
        "shading":"phong",
        "wireframe":false,
        "depthTest":true,
        "visible":true,
        "DbgName":"Wood Painted ",
        "colorSpecular":[0.5,0.5,0.5],
        "blending":1,
        "opacity":1,
        "specularCoef":50,
        "colorDiffuse":[0.8,0.8,0.8],
        "DbgColor":15658734,
        "transparent":false,
        "depthWrite":true,
        "colorEmissive":[0,0,0],
        "doubleSided":false,
        "DbgIndex":0
    }],
    "faces":[43,2,3,7,6,0,0,1,2,3,0,0,0,0,43,6,7,5,4,0,3,2,4,5,1,1,1,1,43,1,0,4,5,0,8,9,6,7,2,2,2,2,43,4,0,2,6,0,12,13,10,11,3,3,3,3,43,7,3,1,5,0,11,10,13,12,4,4,4,4,43,8,9,11,10,0,14,15,16,17,5,5,5,5,43,10,11,3,2,0,17,16,1,0,6,6,6,6,43,0,1,9,8,0,9,8,15,14,7,7,7,7,43,0,8,10,2,0,20,21,18,19,8,8,8,8,43,3,11,9,1,0,19,18,21,20,9,9,9,9],
    "metadata":{
        "version":3,
        "generator":"io_three",
        "materials":1,
        "faces":10,
        "normals":10,
        "type":"Geometry",
        "uvs":1,
        "vertices":12
    },
    "uvs":[[0,0.270054,1,0.270054,1,0.0411639,0,0.041164,1,0,5.96046e-08,0,4.51859e-08,1,1,1,1,0.77111,2.98023e-08,0.77111,0.190202,0.489947,0.254,0.489947,0.254,0.478947,0.179,0.478947,2.98023e-08,0.541164,1,0.541164,1,0.5,0,0.5,0.189947,0.554335,0.189947,0.489925,0.178947,0.479335,0.178947,0.554335]],
    "vertices":[-0.0420233,-0.0113082,0.0425352,-0.0420233,0.988692,0.0425352,-0.0198372,-0.0113082,0.0210567,-0.0198372,0.988692,0.0210566,0.107924,-0.0113082,0.0429212,0.107924,0.988692,0.0429211,0.107924,-0.0113082,0.0210344,0.107924,0.988692,0.0210343,-0.0420764,-0.0113082,-0.107079,-0.0420764,0.988692,-0.107079,-0.020092,-0.0113082,-0.107079,-0.020092,0.988692,-0.107079],
    "normals":[-0.000174294,-4.28414e-08,-1,1,0,0,-0.00257381,4.47022e-08,0.999997,-5.621e-11,-1,4.29236e-08,0,1,0,0,-4.47035e-08,-1,0.999998,-8.51748e-11,-0.00198808,-1,1.51973e-11,0.000354815,1.11683e-10,-1,4.35902e-08,-0,1,0]
}