{
    "normals":[0,0.0965011,-0.995333,1,0,0,0,4.37114e-08,1,0,-0.147503,0.989062,0,1,-0,-1,0,0,0,-1,4.36557e-08,0,-0.744645,-0.667461,0,-1,-0],
    "materials":[{
        "blending":1,
        "DbgIndex":0,
        "shading":"phong",
        "transparent":false,
        "colorEmissive":[0,0,0],
        "doubleSided":false,
        "opacity":1,
        "visible":true,
        "colorDiffuse":[0.439071,0.0275805,0.030138],
        "depthTest":true,
        "depthWrite":true,
        "colorSpecular":[0.5,0.5,0.5],
        "specularCoef":18,
        "wireframe":false,
        "DbgColor":15658734,
        "DbgName":"Wood Grundad"
    }],
    "uvs":[[1,0.0250926,1,1,0,1,0,0.0250926,0,0,0,0.137877,1,0.137877,1,0]],
    "metadata":{
        "normals":9,
        "materials":1,
        "faces":13,
        "generator":"io_three",
        "vertices":14,
        "version":3,
        "uvs":1,
        "type":"Geometry"
    },
    "vertices":[-0.5,0.12499,-5.46347e-09,-0.5,0.12499,-0.011,0.5,0.12499,-5.46347e-09,0.5,0.12499,-0.011,-0.5,-0.0200105,-0.0139815,0.5,-0.0200105,-0.0139815,-0.5,-1.82144e-05,7.96178e-13,0.5,-1.82144e-05,7.96178e-13,0.5,-1.82149e-05,-0.011,-0.5,-1.82149e-05,-0.011,-0.5,-0.0163721,-0.0247055,-0.5,-0.0200105,-0.0206464,0.5,-0.0200105,-0.0206464,0.5,-0.0163721,-0.0247055],
    "faces":[43,10,1,3,13,0,0,1,2,3,0,0,0,0,43,12,13,8,5,0,4,3,5,4,1,1,1,1,43,8,3,2,7,0,5,2,2,5,1,1,1,1,43,0,6,7,2,0,1,6,5,2,2,2,2,2,43,5,8,9,4,0,4,5,6,7,3,3,3,3,43,0,2,3,1,0,1,2,2,1,4,4,4,4,43,4,9,10,11,0,7,6,0,7,5,5,5,5,43,6,0,1,9,0,6,1,1,6,5,5,5,5,43,9,8,7,6,0,6,5,5,6,6,6,6,6,42,13,3,8,0,3,2,5,1,1,1,42,9,1,10,0,6,1,0,5,5,5,43,12,11,10,13,0,4,7,0,3,7,7,7,7,43,11,12,5,4,0,7,4,4,7,8,8,8,8]
}