{
    "materials":[{
        "depthWrite":true,
        "shading":"phong",
        "DbgName":"Metal Sheet",
        "specularCoef":95,
        "doubleSided":false,
        "DbgIndex":0,
        "colorDiffuse":[0.512226,0.504527,0.519993],
        "colorEmissive":[0,0,0],
        "colorSpecular":[0.5,0.5,0.5],
        "visible":true,
        "transparent":false,
        "wireframe":false,
        "DbgColor":15658734,
        "depthTest":true,
        "opacity":1,
        "blending":1
    }],
    "vertices":[-0.0377908,0.046993,1,-0.0377908,0.0469929,-2.05413e-09,-0.0647908,0.00399292,-1.74536e-10,-0.0647908,0.00399296,1,-0.149757,0.0469943,-2.05418e-09,-0.149757,0.0469943,1,-0.119757,0.00399431,1,-0.119757,0.00399426,-1.74595e-10,0.112209,0.046993,1,0.112209,0.0469929,-2.05413e-09,0.0852092,0.00399292,-1.74536e-10,0.0852092,0.00399296,1,0.00024306,0.0469943,-2.05418e-09,0.00024306,0.0469943,1,0.0302431,0.00399431,1,0.0302431,0.00399426,-1.74595e-10,-0.187791,0.046993,1,-0.187791,0.0469929,-2.05413e-09,-0.214791,0.00399292,-1.74536e-10,-0.214791,0.00399296,1,-0.299757,0.0469943,-2.05418e-09,-0.299757,0.0469943,1,-0.269757,0.00399431,1,-0.269757,0.00399426,-1.74595e-10,-0.337791,0.046993,1,-0.337791,0.0469929,-2.05413e-09,-0.36479,0.00399353,-1.74563e-10,-0.36479,0.00399357,1,-0.449758,0.0469949,-2.05421e-09,-0.449758,0.0469949,1,-0.419758,0.0080875,1,-0.419758,0.00808746,-3.53514e-10,0.262209,0.046993,1,0.262209,0.0469929,-2.05413e-09,0.235209,0.00399292,-1.74536e-10,0.235209,0.00399296,1,0.150243,0.0469943,-2.05418e-09,0.150243,0.0469943,1,0.180243,0.00399431,1,0.180243,0.00399426,-1.74595e-10,0.423214,0.0469964,1,0.423214,0.0469963,-2.05428e-09,0.385214,0.00399634,-1.74685e-10,0.385214,0.00399638,1,0.300243,0.0469943,-2.05418e-09,0.300243,0.0469943,1,0.330243,0.00399431,1,0.330243,0.00399426,-1.74595e-10,-0.487782,0.0488263,1,-0.487782,0.0488263,-2.13426e-09,0.439548,0.0469968,-2.0543e-09,0.439548,0.0469969,1,0.480548,0.00399687,1,0.480548,0.00399683,-1.74707e-10,-0.505163,0.0345369,1,-0.505163,0.0345369,-1.50965e-09,0.494398,0.00400004,1,0.494398,0.004,-1.74846e-10,-0.0377552,0.0390071,1,-0.0377552,0.0390071,-1.70505e-09,-0.0647552,-0.00399292,1.74536e-10,-0.0647552,-0.00399288,1,-0.149789,0.0390057,-1.70499e-09,-0.149789,0.0390058,1,-0.119789,-0.00399422,1,-0.119789,-0.00399426,1.74595e-10,0.112245,0.0390071,1,0.112245,0.0390071,-1.70505e-09,0.0852448,-0.00399292,1.74536e-10,0.0852448,-0.00399288,1,0.000210963,0.0390057,-1.70499e-09,0.000210963,0.0390058,1,0.030211,-0.00399422,1,0.030211,-0.00399426,1.74595e-10,-0.187755,0.0390071,1,-0.187755,0.0390071,-1.70505e-09,-0.214755,-0.00399292,1.74536e-10,-0.214755,-0.00399288,1,-0.299789,0.0390057,-1.70499e-09,-0.299789,0.0390058,1,-0.269789,-0.00399422,1,-0.269789,-0.00399426,1.74595e-10,-0.337755,0.0390071,1,-0.337755,0.0390071,-1.70505e-09,-0.364756,-0.00399353,1.74563e-10,-0.364756,-0.00399349,1,-0.449788,0.0390051,-1.70497e-09,-0.449788,0.0390052,1,-0.419788,9.8247e-05,1,-0.419788,9.82033e-05,-4.2926e-12,0.262245,0.0390071,1,0.262245,0.0390071,-1.70505e-09,0.235245,-0.00399292,1.74536e-10,0.235245,-0.00399288,1,0.150211,0.0390057,-1.70499e-09,0.150211,0.0390058,1,0.180211,-0.00399422,1,0.180211,-0.00399426,1.74595e-10,0.42324,0.0390037,1,0.42324,0.0390037,-1.7049e-09,0.38524,-0.00399634,1.74685e-10,0.38524,-0.00399629,1,0.300211,0.0390057,-1.70499e-09,0.300211,0.0390058,1,0.330211,-0.00399422,1,0.330211,-0.00399426,1.74595e-10,-0.487764,0.0408297,1,-0.487764,0.0408297,-1.78472e-09,0.439524,0.0390032,-1.70488e-09,0.439524,0.0390032,1,0.480524,-0.00399678,1,0.480524,-0.00399683,1.74707e-10,-0.505127,0.0265523,1,-0.505127,0.0265522,-1.16064e-09,0.494398,-0.00399996,1,0.494398,-0.004,1.74846e-10],
    "uvs":[],
    "normals":[-3.53587e-05,1,-4.47035e-08,-0.84689,0.531768,-2.06353e-08,2.44326e-05,1,-4.37722e-08,0.820127,0.572181,-2.44239e-08,-0.84689,0.531768,-1.71961e-08,2.44326e-05,1,-4.37724e-08,0.820127,0.572182,-2.44239e-08,2.44326e-05,1,-4.37723e-08,0.0481089,0.998842,-4.46292e-08,0.820127,0.572181,-2.44239e-08,-0.846894,0.531762,1.14643e-09,0.0742732,0.997238,-4.59368e-08,-3.53588e-05,1,-4.47035e-08,0.79192,0.610625,-2.72494e-08,-0.84689,0.531769,-1.14641e-08,2.44326e-05,1,-4.37725e-08,0.820127,0.572181,-2.44239e-08,-0.749329,0.662198,-2.84016e-08,-3.77467e-05,1,-4.37721e-08,0.723737,0.690076,-3.03707e-08,-0.635046,0.772474,-3.49225e-08,-0.000229161,1,-4.37722e-08,-2.98782e-05,1,-4.47035e-08,-3.54218e-05,-1,4.47035e-08,0.84689,-0.531768,1.94889e-08,2.44026e-05,-1,4.37721e-08,-3.54218e-05,-1,4.47035e-08,-0.820127,-0.572181,2.55341e-08,0.84689,-0.531768,1.60497e-08,2.44026e-05,-1,4.3772e-08,-0.820127,-0.572182,2.55341e-08,0.84689,-0.531768,2.17817e-08,2.44025e-05,-1,4.37722e-08,-0.0479895,-0.998848,4.46853e-08,0.846886,-0.531774,-2.29277e-09,-0.0741467,-0.997247,4.57514e-08,-0.791922,-0.610622,2.72498e-08,0.84689,-0.531768,1.03177e-08,2.44026e-05,-1,4.37718e-08,0.749329,-0.662198,3.04303e-08,-3.77073e-05,-1,4.37721e-08,-0.820127,-0.572182,2.55341e-08,-0.723737,-0.690076,3.03707e-08,0.635154,-0.772385,3.36629e-08,-0.000228772,-1,4.37721e-08,-2.9968e-05,-1,4.47035e-08,0,-0,1,0,-4.37114e-08,-1,0,-4.37114e-08,-1,-0,-0,1,0,-4.37114e-08,-1,0,-4.37114e-08,-1,0,-0,1,0,-4.37114e-08,-1,0,-4.37114e-08,-1,-3.56937e-16,-4.37114e-08,-1,0,-4.37114e-08,-1,-1.13822e-14,-4.37114e-08,-1,0,-4.37114e-08,-1,-0.999989,-0.00462074,2.02893e-10,3.11552e-15,-4.37114e-08,-1,1,-0,0],