{
    "faces":[43,0,1,3,2,0,0,1,2,3,0,0,0,0,43,2,3,7,6,0,3,2,4,5,1,1,1,1,43,6,7,5,4,0,5,4,6,7,2,2,2,2,43,1,0,4,5,0,8,9,7,6,3,3,3,3,43,4,0,2,6,0,10,10,10,10,4,4,4,4,43,7,3,1,5,0,10,10,10,10,5,5,5,5,43,8,9,11,10,0,11,6,12,13,0,0,0,0,43,10,11,15,14,0,13,12,14,15,6,6,6,6,43,14,15,13,12,0,15,14,16,17,2,2,2,2,43,12,13,9,8,0,10,8,6,11,7,7,7,7,43,10,14,12,8,0,10,10,10,10,8,8,8,8,43,15,11,9,13,0,10,10,10,10,5,5,5,5,43,16,17,19,18,0,18,19,20,21,0,0,0,0,43,18,19,23,22,0,21,20,22,23,9,9,9,9,43,22,23,21,20,0,23,22,24,25,2,2,2,2,43,20,21,17,16,0,10,26,19,18,7,7,7,7,43,18,22,20,16,0,10,10,10,10,10,10,10,10,43,23,19,17,21,0,10,10,10,10,5,5,5,5,43,24,25,27,26,0,27,28,29,30,11,11,11,11,43,26,27,31,30,0,30,29,31,32,12,12,12,12,43,30,31,29,28,0,8,33,34,35,13,13,13,13,43,28,29,25,24,0,35,34,28,27,14,14,14,14,43,26,30,28,24,0,10,10,10,10,15,15,15,15,43,31,27,25,29,0,10,10,10,10,16,16,16,16,43,32,33,35,34,0,36,37,38,39,17,17,17,17,43,34,35,39,38,0,39,38,40,41,18,18,18,18,43,38,39,37,36,0,41,40,33,42,19,19,19,19,43,36,37,33,32,0,43,44,37,36,20,20,20,20,43,34,38,36,32,0,10,10,10,10,21,21,21,21,43,39,35,33,37,0,10,10,10,10,16,16,16,16],
    "uvs":[[1,0.000927228,1,1,0.581207,1,0.581207,0.000927228,0.499999,1,0.499999,0.000927228,0.0812074,1,0.0812074,0.000927228,0,1,0,0.000927228,0,0,0.0812074,0,0.499999,1,0.499999,0,0.581207,1,0.581207,0,0.999998,1,0.999998,0,0.139722,0,0.139722,1,0.5,1,0.5,0,0.639722,1,0.639722,0,1,1,1,0,0,1,0.499998,1,0.499998,9.92315e-08,0.860274,0,0.860275,1,0.999996,1.98463e-07,0.999996,1,0,9.92315e-08,0.360277,9.92315e-08,0.360277,1,0.860277,1,0.860278,9.92315e-08,0.5,9.92315e-08,0.5,1,0.360278,0,0.360278,1,1.66561e-06,1,0.999999,1,1,1.98463e-07]],
    "materials":[{
        "colorDiffuse":[0.8,0.8,0.8],
        "specularCoef":50,
        "DbgIndex":0,
        "visible":true,
        "shading":"phong",
        "depthTest":true,
        "DbgName":"Wood",
        "opacity":1,
        "transparent":false,
        "DbgColor":15658734,
        "colorSpecular":[0.5,0.5,0.5],
        "wireframe":false,
        "colorEmissive":[0,0,0],
        "depthWrite":true,
        "doubleSided":false,
        "blending":1
    }],
    "vertices":[0.576996,0.0472831,0.00109813,0.576996,2.35751,0.00109803,0.576996,0.0472831,-0.114936,0.576996,2.35751,-0.114936,0.599496,0.0472831,0.00109813,0.599496,2.35751,0.00109803,0.599496,0.0472831,-0.114936,0.599496,2.35751,-0.114936,-0.600417,0.0472831,1.49739e-07,-0.600417,2.35965,4.86619e-08,-0.600417,0.0472831,-0.116034,-0.600417,2.35965,-0.116034,-0.577917,0.0472831,1.49739e-07,-0.577917,2.35965,4.86619e-08,-0.577917,0.0472831,-0.116034,-0.577917,2.35965,-0.116034,-0.0225001,0.0472831,1.49739e-07,-0.0225001,2.35876,4.87009e-08,-0.0225001,0.0472831,-0.116034,-0.0225001,2.35876,-0.116034,0.0224999,0.0472831,1.49739e-07,0.0224999,2.35876,4.87009e-08,0.0224999,0.0472831,-0.116034,0.0224999,2.35876,-0.116034,-0.600698,2.40396,5.23132e-08,0.600627,2.40396,5.23132e-08,-0.600698,2.40396,-0.116034,0.600627,2.40396,-0.116034,-0.600698,2.35896,5.42802e-08,0.600627,2.35896,5.42802e-08,-0.600698,2.35896,-0.116034,0.600627,2.35896,-0.116034,-0.600698,0.0470633,1.55336e-07,0.600627,0.0470633,1.55336e-07,-0.600698,0.0470633,-0.116034,0.600627,0.0470633,-0.116034,-0.600698,0.0020633,1.67548e-07,0.600627,0.00206316,1.57303e-07,-0.600698,0.00206329,-0.116034,0.600627,0.00206315,-0.116034],
    "normals":[-1,0,0,0,-4.51506e-08,-1,1,0,0,0,4.36893e-08,1,0,-1,3.21052e-08,0,1,0,0,-4.51088e-08,-1,0,4.37114e-08,1,0,-1,3.21052e-08,0,-4.51262e-08,-1,0,-1,3.21052e-08,0,1,-0,0,0,-1,0,-1,-0,0,4.37113e-08,1,-1,0,-0,1,0,0,0,1,-3.21052e-08,0,0,-1,-1.19194e-07,-1,4.41446e-08,4.26386e-09,1.57539e-07,1,-1,0,-0],
    "metadata":{
        "faces":30,
        "generator":"io_three",
        "uvs":1,
        "type":"Geometry",
        "materials":1,
        "version":3,
        "vertices":40,
        "normals":22
    }
}